{
    "total_runtime": 269.1866247653961,
    "rules": {
        "countAllKmer1": {
            "mean-runtime": 33.90186262130737,
            "min-runtime": 33.90186262130737,
            "max-runtime": 33.90186262130737
        },
        "countAllKmer2": {
            "mean-runtime": 0.8424944877624512,
            "min-runtime": 0.8424944877624512,
            "max-runtime": 0.8424944877624512
        },
        "sortAllKmer": {
            "mean-runtime": 1.261725664138794,
            "min-runtime": 1.261725664138794,
            "max-runtime": 1.261725664138794
        },
        "filtering1": {
            "mean-runtime": 107.43980169296265,
            "min-runtime": 107.43980169296265,
            "max-runtime": 107.43980169296265
        },
        "getKmerPosition1": {
            "mean-runtime": 3.088402271270752,
            "min-runtime": 3.088402271270752,
            "max-runtime": 3.088402271270752
        },
        "filtering2": {
            "mean-runtime": 3.4867000579833984,
            "min-runtime": 3.4867000579833984,
            "max-runtime": 3.4867000579833984
        },
        "getKmerPosition3": {
            "mean-runtime": 8.307962656021118,
            "min-runtime": 8.307962656021118,
            "max-runtime": 8.307962656021118
        },
        "specific1": {
            "mean-runtime": 1.226128101348877,
            "min-runtime": 1.226128101348877,
            "max-runtime": 1.226128101348877
        },
        "specific3": {
            "mean-runtime": 0.22336769104003906,
            "min-runtime": 0.22336769104003906,
            "max-runtime": 0.22336769104003906
        },
        "specific4": {
            "mean-runtime": 3.2557425498962402,
            "min-runtime": 3.2557425498962402,
            "max-runtime": 3.2557425498962402
        },
        "getKmerPosition4": {
            "mean-runtime": 59.50676107406616,
            "min-runtime": 59.50676107406616,
            "max-runtime": 59.50676107406616
        },
        "evaluation4": {
            "mean-runtime": 3.6286191940307617,
            "min-runtime": 3.6286191940307617,
            "max-runtime": 3.6286191940307617
        },
        "checkHeterodimer": {
            "mean-runtime": 9.193459033966064,
            "min-runtime": 9.193459033966064,
            "max-runtime": 9.193459033966064
        },
        "evaluation2": {
            "mean-runtime": 45.38034629821777,
            "min-runtime": 45.38034629821777,
            "max-runtime": 45.38034629821777
        },
        "evaluation3": {
            "mean-runtime": 0.008737802505493164,
            "min-runtime": 0.008737802505493164,
            "max-runtime": 0.008737802505493164
        },
        "all": {
            "mean-runtime": 0.0010297298431396484,
            "min-runtime": 0.0010297298431396484,
            "max-runtime": 0.0010297298431396484
        }
    },
    "files": {
        "/datater/wu/data/MSSPE-variant/coronavirus/kmer15/intermediate/allKmerCount.int.kmc_pre": {
            "start-time": "Sun May  2 20:22:18 2021",
            "stop-time": "Sun May  2 20:22:52 2021",
            "duration": 33.90186262130737,
            "priority": 0,
            "resources": {
                "_cores": 1,
                "_nodes": 1
            }
        },
        "/datater/wu/data/MSSPE-variant/coronavirus/kmer15/intermediate/allKmerCount.int.kmc_suf": {
            "start-time": "Sun May  2 20:22:18 2021",
            "stop-time": "Sun May  2 20:22:52 2021",
            "duration": 33.90186262130737,
            "priority": 0,
            "resources": {
                "_cores": 1,
                "_nodes": 1
            }
        },
        "/datater/wu/data/MSSPE-variant/coronavirus/kmer15/intermediate/allKmerCount.txt": {
            "start-time": "Sun May  2 20:22:52 2021",
            "stop-time": "Sun May  2 20:22:52 2021",
            "duration": 0.8424944877624512,
            "priority": 0,
            "resources": {
                "_cores": 1,
                "_nodes": 1
            }
        },
        "/datater/wu/data/MSSPE-variant/coronavirus/kmer15/intermediate/allKmerCount.sorted.txt": {
            "start-time": "Sun May  2 20:22:53 2021",
            "stop-time": "Sun May  2 20:22:54 2021",
            "duration": 1.261725664138794,
            "priority": 0,
            "resources": {
                "_cores": 1,
                "_nodes": 1
            }
        },
        "/datater/wu/data/MSSPE-variant/coronavirus/kmer15/allKmerCount.sorted.calculated.txt": {
            "start-time": "Sun May  2 20:22:54 2021",
            "stop-time": "Sun May  2 20:24:41 2021",
            "duration": 107.43980169296265,
            "priority": 0,
            "resources": {
                "_cores": 1,
                "_nodes": 1
            }
        },
        "/datater/wu/data/MSSPE-variant/coronavirus/kmer15/intermediate/allKmerCount.sorted.calculated.fasta": {
            "start-time": "Sun May  2 20:24:41 2021",
            "stop-time": "Sun May  2 20:24:44 2021",
            "duration": 3.088402271270752,
            "priority": 0,
            "resources": {
                "_cores": 1,
                "_nodes": 1
            }
        },
        "/datater/wu/data/MSSPE-variant/coronavirus/kmer15/allKmerCount.sorted.calculated.filtered.txt": {
            "start-time": "Sun May  2 20:24:41 2021",
            "stop-time": "Sun May  2 20:24:45 2021",
            "duration": 3.4867000579833984,
            "priority": 0,
            "resources": {
                "_cores": 1,
                "_nodes": 1
            }
        },
        "/datater/wu/data/MSSPE-variant/coronavirus/kmer15/intermediate/allKmerCount.sorted.calculated.bowtie": {
            "start-time": "Sun May  2 20:24:44 2021",
            "stop-time": "Sun May  2 20:24:53 2021",
            "duration": 8.307962656021118,
            "priority": 0,
            "resources": {
                "_cores": 1,
                "_nodes": 1
            }
        },
        "/datater/wu/data/MSSPE-variant/coronavirus/kmer15/intermediate/allKmerCount.sorted.calculated.filtered.fasta": {
            "start-time": "Sun May  2 20:24:45 2021",
            "stop-time": "Sun May  2 20:24:46 2021",
            "duration": 1.226128101348877,
            "priority": 0,
            "resources": {
                "_cores": 1,
                "_nodes": 1
            }
        },
        "/datater/wu/data/MSSPE-variant/coronavirus/kmer15/intermediate/allKmerCount.sorted.calculated.filtered.bowtie": {
            "start-time": "Sun May  2 20:24:46 2021",
            "stop-time": "Sun May  2 20:24:46 2021",
            "duration": 0.22336769104003906,
            "priority": 0,
            "resources": {
                "_cores": 1,
                "_nodes": 1
            }
        },
        "/datater/wu/data/MSSPE-variant/coronavirus/kmer15/allKmerCount.sorted.calculated.filtered.spec.txt": {
            "start-time": "Sun May  2 20:24:46 2021",
            "stop-time": "Sun May  2 20:24:50 2021",
            "duration": 3.2557425498962402,
            "priority": 0,
            "resources": {
                "_cores": 1,
                "_nodes": 1
            }
        },
        "/datater/wu/data/MSSPE-variant/coronavirus/kmer15/intermediate/allKmerCount.sorted.calculated.position": {
            "start-time": "Sun May  2 20:24:53 2021",
            "stop-time": "Sun May  2 20:25:52 2021",
            "duration": 59.50676107406616,
            "priority": 0,
            "resources": {
                "_cores": 1,
                "_nodes": 1
            }
        },
        "/datater/wu/data/MSSPE-variant/coronavirus/kmer15/evaluation/allOligo_before.tsv": {
            "start-time": "Sun May  2 20:25:52 2021",
            "stop-time": "Sun May  2 20:25:56 2021",
            "duration": 3.6286191940307617,
            "priority": 0,
            "resources": {
                "_cores": 1,