{
    "total_runtime": 206.1392560005188,
    "rules": {
        "countAllKmer1": {
            "mean-runtime": 25.937703609466553,
            "min-runtime": 25.937703609466553,
            "max-runtime": 25.937703609466553
        },
        "evaluation1": {
            "mean-runtime": 198.73153614997864,
            "min-runtime": 198.73153614997864,
            "max-runtime": 198.73153614997864
        },
        "countAllKmer2": {
            "mean-runtime": 0.5028457641601562,
            "min-runtime": 0.5028457641601562,
            "max-runtime": 0.5028457641601562
        },
        "sortAllKmer": {
            "mean-runtime": 0.5221707820892334,
            "min-runtime": 0.5221707820892334,
            "max-runtime": 0.5221707820892334
        },
        "filtering1": {
            "mean-runtime": 52.933269739151,
            "min-runtime": 52.933269739151,
            "max-runtime": 52.933269739151
        },
        "getKmerPosition1": {
            "mean-runtime": 2.3522262573242188,
            "min-runtime": 2.3522262573242188,
            "max-runtime": 2.3522262573242188
        },
        "filtering2": {
            "mean-runtime": 2.1071064472198486,
            "min-runtime": 2.1071064472198486,
            "max-runtime": 2.1071064472198486
        },
        "specific1": {
            "mean-runtime": 0.9972126483917236,
            "min-runtime": 0.9972126483917236,
            "max-runtime": 0.9972126483917236
        },
        "getKmerPosition3": {
            "mean-runtime": 0.6835727691650391,
            "min-runtime": 0.6835727691650391,
            "max-runtime": 0.6835727691650391
        },
        "getKmerPosition4": {
            "mean-runtime": 8.665194988250732,
            "min-runtime": 8.665194988250732,
            "max-runtime": 8.665194988250732
        },
        "specific3": {
            "mean-runtime": 0.1885545253753662,
            "min-runtime": 0.1885545253753662,
            "max-runtime": 0.1885545253753662
        },
        "specific4": {
            "mean-runtime": 1.8173651695251465,
            "min-runtime": 1.8173651695251465,
            "max-runtime": 1.8173651695251465
        },
        "checkHeterodimer": {
            "mean-runtime": 6.3292460441589355,
            "min-runtime": 6.3292460441589355,
            "max-runtime": 6.3292460441589355
        },
        "evaluation4": {
            "mean-runtime": 2.2287678718566895,
            "min-runtime": 2.2287678718566895,
            "max-runtime": 2.2287678718566895
        },
        "evaluation3": {
            "mean-runtime": 0.009820699691772461,
            "min-runtime": 0.009820699691772461,
            "max-runtime": 0.009820699691772461
        },
        "evaluation2": {
            "mean-runtime": 7.339581727981567,
            "min-runtime": 7.339581727981567,
            "max-runtime": 7.339581727981567
        },
        "all": {
            "mean-runtime": 0.001239776611328125,
            "min-runtime": 0.001239776611328125,
            "max-runtime": 0.001239776611328125
        }
    },
    "files": {
        "/datater/wu/data/MSSPE-variant/coronavirusCurated/kmer13/intermediate/allKmerCount.int.kmc_pre": {
            "start-time": "Tue May  4 11:26:53 2021",
            "stop-time": "Tue May  4 11:27:19 2021",
            "duration": 25.937703609466553,
            "priority": 0,
            "resources": {
                "_cores": 1,
                "_nodes": 1
            }
        },
        "/datater/wu/data/MSSPE-variant/coronavirusCurated/kmer13/intermediate/allKmerCount.int.kmc_suf": {
            "start-time": "Tue May  4 11:26:53 2021",
            "stop-time": "Tue May  4 11:27:19 2021",
            "duration": 25.937703609466553,
            "priority": 0,
            "resources": {
                "_cores": 1,
                "_nodes": 1
            }
        },
        "/datater/wu/data/MSSPE-variant/coronavirusCurated/kmer13/intermediate/aceID-taxID-species.tsv": {
            "start-time": "Tue May  4 11:26:53 2021",
            "stop-time": "Tue May  4 11:30:12 2021",
            "duration": 198.73153614997864,
            "priority": 0,
            "resources": {
                "_cores": 1,
                "_nodes": 1
            }
        },
        "/datater/wu/data/MSSPE-variant/coronavirusCurated/kmer13/intermediate/allKmerCount.txt": {
            "start-time": "Tue May  4 11:27:19 2021",
            "stop-time": "Tue May  4 11:27:19 2021",
            "duration": 0.5028457641601562,
            "priority": 0,
            "resources": {
                "_cores": 1,
                "_nodes": 1
            }
        },
        "/datater/wu/data/MSSPE-variant/coronavirusCurated/kmer13/intermediate/allKmerCount.sorted.txt": {
            "start-time": "Tue May  4 11:27:19 2021",
            "stop-time": "Tue May  4 11:27:20 2021",
            "duration": 0.5221707820892334,
            "priority": 0,
            "resources": {
                "_cores": 1,
                "_nodes": 1
            }
        },
        "/datater/wu/data/MSSPE-variant/coronavirusCurated/kmer13/allKmerCount.sorted.calculated.txt": {
            "start-time": "Tue May  4 11:27:20 2021",
            "stop-time": "Tue May  4 11:28:13 2021",
            "duration": 52.933269739151,
            "priority": 0,
            "resources": {
                "_cores": 1,
                "_nodes": 1
            }
        },
        "/datater/wu/data/MSSPE-variant/coronavirusCurated/kmer13/intermediate/allKmerCount.sorted.calculated.fasta": {
            "start-time": "Tue May  4 11:28:13 2021",
            "stop-time": "Tue May  4 11:28:15 2021",
            "duration": 2.3522262573242188,
            "priority": 0,
            "resources": {
                "_cores": 1,
                "_nodes": 1
            }
        },
        "/datater/wu/data/MSSPE-variant/coronavirusCurated/kmer13/allKmerCount.sorted.calculated.filtered.txt": {
            "start-time": "Tue May  4 11:28:13 2021",
            "stop-time": "Tue May  4 11:28:15 2021",
            "duration": 2.1071064472198486,
            "priority": 0,
            "resources": {
                "_cores": 1,
                "_nodes": 1
            }
        },
        "/datater/wu/data/MSSPE-variant/coronavirusCurated/kmer13/intermediate/allKmerCount.sorted.calculated.filtered.fasta": {
            "start-time": "Tue May  4 11:28:15 2021",
            "stop-time": "Tue May  4 11:28:16 2021",
            "duration": 0.9972126483917236,
            "priority": 0,
            "resources": {
                "_cores": 1,
                "_nodes": 1
            }
        },
        "/datater/wu/data/MSSPE-variant/coronavirusCurated/kmer13/intermediate/allKmerCount.sorted.calculated.bowtie": {
            "start-time": "Tue May  4 11:28:15 2021",
            "stop-time": "Tue May  4 11:28:16 2021",
            "duration": 0.6835727691650391,
            "priority": 0,
            "resources": {
                "_cores": 1,
                "_nodes": 1
            }
        },
        "/datater/wu/data/MSSPE-variant/coronavirusCurated/kmer13/intermediate/allKmerCount.sorted.calculated.position": {
            "start-time": "Tue May  4 11:28:16 2021",
            "stop-time": "Tue May  4 11:28:25 2021",
            "duration": 8.665194988250732,
            "priority": 0,
            "resources": {
                "_cores": 1,
                "_nodes": 1
            }
        },
        "/datater/wu/data/MSSPE-variant/coronavirusCurated/kmer13/intermediate/allKmerCount.sorted.calculated.filtered.bowtie": {
            "start-time": "Tue May  4 11:28:16 2021",
            "stop-time": "Tue May  4 11:28:16 2021",
            "duration": 0.1885545253753662,
            "priority": 0,
            "resources": {
                "_cores": 1,
                "_nodes": 1
            }
        },