{
    "total_runtime": 227.69885683059692,
    "rules": {
        "removeDuplicateSeq": {
            "mean-runtime": 0.022403478622436523,
            "min-runtime": 0.022403478622436523,
            "max-runtime": 0.022403478622436523
        },
        "evaluation1": {
            "mean-runtime": 225.54492688179016,
            "min-runtime": 225.54492688179016,
            "max-runtime": 225.54492688179016
        },
        "countAllKmer1": {
            "mean-runtime": 27.49102282524109,
            "min-runtime": 27.49102282524109,
            "max-runtime": 27.49102282524109
        },
        "specific2": {
            "mean-runtime": 34.9765510559082,
            "min-runtime": 34.9765510559082,
            "max-runtime": 34.9765510559082
        },
        "clustering": {
            "mean-runtime": 0.6102650165557861,
            "min-runtime": 0.6102650165557861,
            "max-runtime": 0.6102650165557861
        },
        "MSA": {
            "mean-runtime": 82.34643507003784,
            "min-runtime": 82.34643507003784,
            "max-runtime": 82.34643507003784
        },
        "countAllKmer2": {
            "mean-runtime": 0.6692156791687012,
            "min-runtime": 0.6692156791687012,
            "max-runtime": 0.6692156791687012
        },
        "sortAllKmer": {
            "mean-runtime": 0.46469736099243164,
            "min-runtime": 0.46469736099243164,
            "max-runtime": 0.46469736099243164
        },
        "filtering1": {
            "mean-runtime": 25.86480712890625,
            "min-runtime": 25.86480712890625,
            "max-runtime": 25.86480712890625
        },
        "getKmerPosition1": {
            "mean-runtime": 1.8575482368469238,
            "min-runtime": 1.8575482368469238,
            "max-runtime": 1.8575482368469238
        },
        "filtering2": {
            "mean-runtime": 1.87973952293396,
            "min-runtime": 1.87973952293396,
            "max-runtime": 1.87973952293396
        },
        "specific1": {
            "mean-runtime": 0.9627382755279541,
            "min-runtime": 0.9627382755279541,
            "max-runtime": 0.9627382755279541
        },
        "specific3": {
            "mean-runtime": 0.200669527053833,
            "min-runtime": 0.200669527053833,
            "max-runtime": 0.200669527053833
        },
        "specific4": {
            "mean-runtime": 1.49522066116333,
            "min-runtime": 1.49522066116333,
            "max-runtime": 1.49522066116333
        },
        "getKmerPosition2": {
            "mean-runtime": 0.6495685577392578,
            "min-runtime": 0.6495685577392578,
            "max-runtime": 0.6495685577392578
        },
        "getKmerPosition3": {
            "mean-runtime": 0.23314857482910156,
            "min-runtime": 0.23314857482910156,
            "max-runtime": 0.23314857482910156
        },
        "getKmerPosition4": {
            "mean-runtime": 4.56930947303772,
            "min-runtime": 4.56930947303772,
            "max-runtime": 4.56930947303772
        },
        "checkHeterodimer": {
            "mean-runtime": 2.1545450687408447,
            "min-runtime": 2.1545450687408447,
            "max-runtime": 2.1545450687408447
        },
        "evaluation4": {
            "mean-runtime": 2.106205701828003,
            "min-runtime": 2.106205701828003,
            "max-runtime": 2.106205701828003
        },
        "evaluation3": {
            "mean-runtime": 0.009268045425415039,
            "min-runtime": 0.009268045425415039,
            "max-runtime": 0.009268045425415039
        },
        "evaluation2": {
            "mean-runtime": 2.0872950553894043,
            "min-runtime": 2.0872950553894043,
            "max-runtime": 2.0872950553894043
        },
        "all": {
            "mean-runtime": 0.001043558120727539,
            "min-runtime": 0.001043558120727539,
            "max-runtime": 0.001043558120727539
        }
    },
    "files": {
        "/datater/wu/data/MSSPE-variant/enterovirusCurated/enterovirusCurated.uniq": {
            "start-time": "Sun May  2 19:49:09 2021",
            "stop-time": "Sun May  2 19:49:09 2021",
            "duration": 0.022403478622436523,
            "priority": 0,
            "resources": {
                "_cores": 1,
                "_nodes": 1
            }
        },
        "/datater/wu/data/MSSPE-variant/enterovirusCurated/kmer13/intermediate/aceID-taxID-species.tsv": {
            "start-time": "Sun May  2 19:49:09 2021",
            "stop-time": "Sun May  2 19:52:54 2021",
            "duration": 225.54492688179016,
            "priority": 0,
            "resources": {
                "_cores": 1,
                "_nodes": 1
            }
        },
        "/datater/wu/data/MSSPE-variant/enterovirusCurated/kmer13/intermediate/allKmerCount.int.kmc_pre": {
            "start-time": "Sun May  2 19:49:09 2021",
            "stop-time": "Sun May  2 19:49:36 2021",
            "duration": 27.49102282524109,
            "priority": 0,
            "resources": {
                "_cores": 1,
                "_nodes": 1
            }
        },
        "/datater/wu/data/MSSPE-variant/enterovirusCurated/kmer13/intermediate/allKmerCount.int.kmc_suf": {
            "start-time": "Sun May  2 19:49:09 2021",
            "stop-time": "Sun May  2 19:49:36 2021",
            "duration": 27.49102282524109,
            "priority": 0,
            "resources": {
                "_cores": 1,
                "_nodes": 1
            }
        },
        "/datater/wu/data/RefSeqProkaryota/RefSeqProkaryota.fna.DB.1.ebwt": {
            "start-time": "Sun May  2 19:49:09 2021",
            "stop-time": "Sun May  2 19:49:44 2021",
            "duration": 34.9765510559082,
            "priority": 0,
            "resources": {
                "_cores": 1,
                "_nodes": 1
            }
        },
        "/datater/wu/data/RefSeqProkaryota/RefSeqProkaryota.fna.DB.2.ebwt": {
            "start-time": "Sun May  2 19:49:09 2021",
            "stop-time": "Sun May  2 19:49:44 2021",
            "duration": 34.9765510559082,
            "priority": 0,
            "resources": {
                "_cores": 1,
                "_nodes": 1
            }
        },
        "/datater/wu/data/RefSeqProkaryota/RefSeqProkaryota.fna.DB.3.ebwt": {
            "start-time": "Sun May  2 19:49:09 2021",
            "stop-time": "Sun May  2 19:49:44 2021",
            "duration": 34.9765510559082,
            "priority": 0,
            "resources": {
                "_cores": 1,
                "_nodes": 1
            }
        },
        "/datater/wu/data/RefSeqProkaryota/RefSeqProkaryota.fna.DB.4.ebwt": {
            "start-time": "Sun May  2 19:49:09 2021",
            "stop-time": "Sun May  2 19:49:44 2021",
            "duration": 34.9765510559082,
            "priority": 0,
            "resources": {
                "_cores": 1,
                "_nodes": 1
            }
        },
        "/datater/wu/data/RefSeqProkaryota/RefSeqProkaryota.fna.DB.rev.1.ebwt": {
            "start-time": "Sun May  2 19:49:09 2021",
            "stop-time": "Sun May  2 19:49:44 2021",
            "duration": 34.9765510559082,
            "priority": 0,
            "resources": {
                "_cores": 1,
                "_nodes": 1
            }
        },
        "/datater/wu/data/RefSeqProkaryota/RefSeqProkaryota.fna.DB.rev.2.ebwt": {
            "start-time": "Sun May  2 19:49:09 2021",
            "stop-time": "Sun May  2 19:49:44 2021",
            "duration": 34.9765510559082,
            "priority": 0,
            "resources": {
                "_cores": 1,
                "_nodes": 1
            }
        },
        "/datater/wu/data/MSSPE-variant/enterovirusCurated/enterovirusCurated0.99.uniq": {
            "start-time": "Sun May  2 19:49:09 2021",
            "stop-time": "Sun May  2 19:49:09 2021",
            "duration": 0.6102650165557861,
            "priority": 0,