{
    "total_runtime": 225.9281768798828,
    "rules": {
        "removeDuplicateSeq": {
            "mean-runtime": 0.02093815803527832,
            "min-runtime": 0.02093815803527832,
            "max-runtime": 0.02093815803527832
        },
        "countAllKmer1": {
            "mean-runtime": 2.625962257385254,
            "min-runtime": 2.625962257385254,
            "max-runtime": 2.625962257385254
        },
        "evaluation1": {
            "mean-runtime": 224.08742785453796,
            "min-runtime": 224.08742785453796,
            "max-runtime": 224.08742785453796
        },
        "specific2": {
            "mean-runtime": 33.59728217124939,
            "min-runtime": 33.59728217124939,
            "max-runtime": 33.59728217124939
        },
        "clustering": {
            "mean-runtime": 0.49327516555786133,
            "min-runtime": 0.49327516555786133,
            "max-runtime": 0.49327516555786133
        },
        "MSA": {
            "mean-runtime": 82.8700635433197,
            "min-runtime": 82.8700635433197,
            "max-runtime": 82.8700635433197
        },
        "countAllKmer2": {
            "mean-runtime": 0.47716641426086426,
            "min-runtime": 0.47716641426086426,
            "max-runtime": 0.47716641426086426
        },
        "sortAllKmer": {
            "mean-runtime": 0.3532695770263672,
            "min-runtime": 0.3532695770263672,
            "max-runtime": 0.3532695770263672
        },
        "filtering1": {
            "mean-runtime": 33.27026176452637,
            "min-runtime": 33.27026176452637,
            "max-runtime": 33.27026176452637
        },
        "getKmerPosition1": {
            "mean-runtime": 1.6563026905059814,
            "min-runtime": 1.6563026905059814,
            "max-runtime": 1.6563026905059814
        },
        "filtering2": {
            "mean-runtime": 1.9418158531188965,
            "min-runtime": 1.9418158531188965,
            "max-runtime": 1.9418158531188965
        },
        "specific1": {
            "mean-runtime": 0.9610817432403564,
            "min-runtime": 0.9610817432403564,
            "max-runtime": 0.9610817432403564
        },
        "specific3": {
            "mean-runtime": 0.19715619087219238,
            "min-runtime": 0.19715619087219238,
            "max-runtime": 0.19715619087219238
        },
        "specific4": {
            "mean-runtime": 2.0401010513305664,
            "min-runtime": 2.0401010513305664,
            "max-runtime": 2.0401010513305664
        },
        "getKmerPosition2": {
            "mean-runtime": 0.773047685623169,
            "min-runtime": 0.773047685623169,
            "max-runtime": 0.773047685623169
        },
        "getKmerPosition3": {
            "mean-runtime": 0.2672100067138672,
            "min-runtime": 0.2672100067138672,
            "max-runtime": 0.2672100067138672
        },
        "getKmerPosition4": {
            "mean-runtime": 3.5370099544525146,
            "min-runtime": 3.5370099544525146,
            "max-runtime": 3.5370099544525146
        },
        "checkHeterodimer": {
            "mean-runtime": 2.0335230827331543,
            "min-runtime": 2.0335230827331543,
            "max-runtime": 2.0335230827331543
        },
        "evaluation4": {
            "mean-runtime": 2.007493019104004,
            "min-runtime": 2.007493019104004,
            "max-runtime": 2.007493019104004
        },
        "evaluation3": {
            "mean-runtime": 0.01033329963684082,
            "min-runtime": 0.01033329963684082,
            "max-runtime": 0.01033329963684082
        },
        "evaluation2": {
            "mean-runtime": 1.7573950290679932,
            "min-runtime": 1.7573950290679932,
            "max-runtime": 1.7573950290679932
        },
        "all": {
            "mean-runtime": 0.0011627674102783203,
            "min-runtime": 0.0011627674102783203,
            "max-runtime": 0.0011627674102783203
        }
    },
    "files": {
        "/datater/wu/data/MSSPE-variant/enterovirusCurated/enterovirusCurated.uniq": {
            "start-time": "Sun May  2 19:55:19 2021",
            "stop-time": "Sun May  2 19:55:19 2021",
            "duration": 0.02093815803527832,
            "priority": 0,
            "resources": {
                "_cores": 1,
                "_nodes": 1
            }
        },
        "/datater/wu/data/MSSPE-variant/enterovirusCurated/kmer15/intermediate/allKmerCount.int.kmc_pre": {
            "start-time": "Sun May  2 19:55:19 2021",
            "stop-time": "Sun May  2 19:55:22 2021",
            "duration": 2.625962257385254,
            "priority": 0,
            "resources": {
                "_cores": 1,
                "_nodes": 1
            }
        },
        "/datater/wu/data/MSSPE-variant/enterovirusCurated/kmer15/intermediate/allKmerCount.int.kmc_suf": {
            "start-time": "Sun May  2 19:55:19 2021",
            "stop-time": "Sun May  2 19:55:22 2021",
            "duration": 2.625962257385254,
            "priority": 0,
            "resources": {
                "_cores": 1,
                "_nodes": 1
            }
        },
        "/datater/wu/data/MSSPE-variant/enterovirusCurated/kmer15/intermediate/aceID-taxID-species.tsv": {
            "start-time": "Sun May  2 19:55:19 2021",
            "stop-time": "Sun May  2 19:59:03 2021",
            "duration": 224.08742785453796,
            "priority": 0,
            "resources": {
                "_cores": 1,
                "_nodes": 1
            }
        },
        "/datater/wu/data/RefSeqProkaryota/RefSeqProkaryota.fna.DB.1.ebwt": {
            "start-time": "Sun May  2 19:55:19 2021",
            "stop-time": "Sun May  2 19:55:53 2021",
            "duration": 33.59728217124939,
            "priority": 0,
            "resources": {
                "_cores": 1,
                "_nodes": 1
            }
        },
        "/datater/wu/data/RefSeqProkaryota/RefSeqProkaryota.fna.DB.2.ebwt": {
            "start-time": "Sun May  2 19:55:19 2021",
            "stop-time": "Sun May  2 19:55:53 2021",
            "duration": 33.59728217124939,
            "priority": 0,
            "resources": {
                "_cores": 1,
                "_nodes": 1
            }
        },
        "/datater/wu/data/RefSeqProkaryota/RefSeqProkaryota.fna.DB.3.ebwt": {
            "start-time": "Sun May  2 19:55:19 2021",
            "stop-time": "Sun May  2 19:55:53 2021",
            "duration": 33.59728217124939,
            "priority": 0,
            "resources": {
                "_cores": 1,
                "_nodes": 1
            }
        },
        "/datater/wu/data/RefSeqProkaryota/RefSeqProkaryota.fna.DB.4.ebwt": {
            "start-time": "Sun May  2 19:55:19 2021",
            "stop-time": "Sun May  2 19:55:53 2021",
            "duration": 33.59728217124939,
            "priority": 0,
            "resources": {
                "_cores": 1,
                "_nodes": 1
            }
        },
        "/datater/wu/data/RefSeqProkaryota/RefSeqProkaryota.fna.DB.rev.1.ebwt": {
            "start-time": "Sun May  2 19:55:19 2021",
            "stop-time": "Sun May  2 19:55:53 2021",
            "duration": 33.59728217124939,
            "priority": 0,
            "resources": {
                "_cores": 1,
                "_nodes": 1
            }
        },
        "/datater/wu/data/RefSeqProkaryota/RefSeqProkaryota.fna.DB.rev.2.ebwt": {
            "start-time": "Sun May  2 19:55:19 2021",
            "stop-time": "Sun May  2 19:55:53 2021",
            "duration": 33.59728217124939,
            "priority": 0,
            "resources": {
                "_cores": 1,
                "_nodes": 1
            }
        },
        "/datater/wu/data/MSSPE-variant/enterovirusCurated/enterovirusCurated0.99.uniq": {
            "start-time": "Sun May  2 19:55:19 2021",
            "stop-time": "Sun May  2 19:55:19 2021",
            "duration": 0.49327516555786133,