{
    "total_runtime": 303.8561508655548,
    "rules": {
        "removeDuplicateSeq": {
            "mean-runtime": 0.438643217086792,
            "min-runtime": 0.438643217086792,
            "max-runtime": 0.438643217086792
        },
        "specific2": {
            "mean-runtime": 41.658880949020386,
            "min-runtime": 41.658880949020386,
            "max-runtime": 41.658880949020386
        },
        "clustering": {
            "mean-runtime": 10.309245347976685,
            "min-runtime": 10.309245347976685,
            "max-runtime": 10.309245347976685
        },
        "countAllKmer1": {
            "mean-runtime": 5.265514850616455,
            "min-runtime": 5.265514850616455,
            "max-runtime": 5.265514850616455
        },
        "evaluation1": {
            "mean-runtime": 195.96225023269653,
            "min-runtime": 195.96225023269653,
            "max-runtime": 195.96225023269653
        },
        "countAllKmer2": {
            "mean-runtime": 0.8091144561767578,
            "min-runtime": 0.8091144561767578,
            "max-runtime": 0.8091144561767578
        },
        "sortAllKmer": {
            "mean-runtime": 4.427751064300537,
            "min-runtime": 4.427751064300537,
            "max-runtime": 4.427751064300537
        },
        "MSA": {
            "mean-runtime": 157.40612149238586,
            "min-runtime": 157.40612149238586,
            "max-runtime": 157.40612149238586
        },
        "filtering1": {
            "mean-runtime": 237.7252209186554,
            "min-runtime": 237.7252209186554,
            "max-runtime": 237.7252209186554
        },
        "getKmerPosition2": {
            "mean-runtime": 8.907368183135986,
            "min-runtime": 8.907368183135986,
            "max-runtime": 8.907368183135986
        },
        "getKmerPosition1": {
            "mean-runtime": 6.019003391265869,
            "min-runtime": 6.019003391265869,
            "max-runtime": 6.019003391265869
        },
        "filtering2": {
            "mean-runtime": 6.311376571655273,
            "min-runtime": 6.311376571655273,
            "max-runtime": 6.311376571655273
        },
        "getKmerPosition3": {
            "mean-runtime": 3.3716018199920654,
            "min-runtime": 3.3716018199920654,
            "max-runtime": 3.3716018199920654
        },
        "specific1": {
            "mean-runtime": 1.5886390209197998,
            "min-runtime": 1.5886390209197998,
            "max-runtime": 1.5886390209197998
        },
        "specific3": {
            "mean-runtime": 0.37017345428466797,
            "min-runtime": 0.37017345428466797,
            "max-runtime": 0.37017345428466797
        },
        "specific4": {
            "mean-runtime": 5.842806816101074,
            "min-runtime": 5.842806816101074,
            "max-runtime": 5.842806816101074
        },
        "getKmerPosition4": {
            "mean-runtime": 33.05833339691162,
            "min-runtime": 33.05833339691162,
            "max-runtime": 33.05833339691162
        },
        "checkHeterodimer": {
            "mean-runtime": 3.3977432250976562,
            "min-runtime": 3.3977432250976562,
            "max-runtime": 3.3977432250976562
        },
        "evaluation4": {
            "mean-runtime": 5.0567896366119385,
            "min-runtime": 5.0567896366119385,
            "max-runtime": 5.0567896366119385
        },
        "evaluation2": {
            "mean-runtime": 9.028479099273682,
            "min-runtime": 9.028479099273682,
            "max-runtime": 9.028479099273682
        },
        "evaluation3": {
            "mean-runtime": 0.008322477340698242,
            "min-runtime": 0.008322477340698242,
            "max-runtime": 0.008322477340698242
        },
        "all": {
            "mean-runtime": 0.0011844635009765625,
            "min-runtime": 0.0011844635009765625,
            "max-runtime": 0.0011844635009765625
        }
    },
    "files": {
        "/datater/wu/data/MSSPE-variant/enterovirus/enterovirus.uniq": {
            "start-time": "Sun May  2 15:41:33 2021",
            "stop-time": "Sun May  2 15:41:33 2021",
            "duration": 0.438643217086792,
            "priority": 0,
            "resources": {
                "_cores": 1,
                "_nodes": 1
            }
        },
        "/datater/wu/data/RefSeqProkaryota/RefSeqProkaryota.fna.DB.1.ebwt": {
            "start-time": "Sun May  2 15:41:33 2021",
            "stop-time": "Sun May  2 15:42:14 2021",
            "duration": 41.658880949020386,
            "priority": 0,
            "resources": {
                "_cores": 1,
                "_nodes": 1
            }
        },
        "/datater/wu/data/RefSeqProkaryota/RefSeqProkaryota.fna.DB.2.ebwt": {
            "start-time": "Sun May  2 15:41:33 2021",
            "stop-time": "Sun May  2 15:42:14 2021",
            "duration": 41.658880949020386,
            "priority": 0,
            "resources": {
                "_cores": 1,
                "_nodes": 1
            }
        },
        "/datater/wu/data/RefSeqProkaryota/RefSeqProkaryota.fna.DB.3.ebwt": {
            "start-time": "Sun May  2 15:41:33 2021",
            "stop-time": "Sun May  2 15:42:14 2021",
            "duration": 41.658880949020386,
            "priority": 0,
            "resources": {
                "_cores": 1,
                "_nodes": 1
            }
        },
        "/datater/wu/data/RefSeqProkaryota/RefSeqProkaryota.fna.DB.4.ebwt": {
            "start-time": "Sun May  2 15:41:33 2021",
            "stop-time": "Sun May  2 15:42:14 2021",
            "duration": 41.658880949020386,
            "priority": 0,
            "resources": {
                "_cores": 1,
                "_nodes": 1
            }
        },
        "/datater/wu/data/RefSeqProkaryota/RefSeqProkaryota.fna.DB.rev.1.ebwt": {
            "start-time": "Sun May  2 15:41:33 2021",
            "stop-time": "Sun May  2 15:42:14 2021",
            "duration": 41.658880949020386,
            "priority": 0,
            "resources": {
                "_cores": 1,
                "_nodes": 1
            }
        },
        "/datater/wu/data/RefSeqProkaryota/RefSeqProkaryota.fna.DB.rev.2.ebwt": {
            "start-time": "Sun May  2 15:41:33 2021",
            "stop-time": "Sun May  2 15:42:14 2021",
            "duration": 41.658880949020386,
            "priority": 0,
            "resources": {
                "_cores": 1,
                "_nodes": 1
            }
        },
        "/datater/wu/data/MSSPE-variant/enterovirus/enterovirus0.99.uniq": {
            "start-time": "Sun May  2 15:41:33 2021",
            "stop-time": "Sun May  2 15:41:43 2021",
            "duration": 10.309245347976685,
            "priority": 0,
            "resources": {
                "_cores": 1,
                "_nodes": 1
            }
        },
        "/datater/wu/data/MSSPE-variant/enterovirus/kmer15/intermediate/allKmerCount.int.kmc_pre": {
            "start-time": "Sun May  2 15:41:33 2021",
            "stop-time": "Sun May  2 15:41:38 2021",
            "duration": 5.265514850616455,
            "priority": 0,
            "resources": {
                "_cores": 1,
                "_nodes": 1
            }
        },
        "/datater/wu/data/MSSPE-variant/enterovirus/kmer15/intermediate/allKmerCount.int.kmc_suf": {
            "start-time": "Sun May  2 15:41:33 2021",
            "stop-time": "Sun May  2 15:41:38 2021",
            "duration": 5.265514850616455,
            "priority": 0,
            "resources": {
                "_cores": 1,
                "_nodes": 1
            }
        },
        "/datater/wu/data/MSSPE-variant/enterovirus/kmer15/intermediate/aceID-taxID-species.tsv": {
            "start-time": "Sun May  2 15:41:33 2021",
            "stop-time": "Sun May  2 15:44:49 2021",
            "duration": 195.96225023269653,
            "priority": 0,
            "resources": {
                "_cores": 1,